nom,description,prix,image,categorie
Casque audio Bluetooth,Profitez d'une qualité sonore exceptionnelle avec ce casque Bluetooth sans fil. Idéal pour écouter de la musique ou prendre des appels avec une réduction de bruit active.,79.99,images/casque.jpg,casques
Montre connectée,Restez connecté à tout moment avec cette montre connectée élégante et pratique. Suivi de l'activité physique notifications et bien plus encore !,129.99,images/montre.jpg,peripheriques
Sac à dos en cuir,Ce sac à dos en cuir est à la fois élégant et pratique. Idéal pour les étudiants ou les professionnels en déplacement. Son design moderne s'adapte à toutes les occasions.,149.99,images/sac.jpg,accessoires
Clé USB 128 Go,Stockez vos fichiers en toute sécurité avec cette clé USB haute capacité de 128 Go. Compatible avec tous vos appareils et parfaite pour les déplacements.,19.99,images/clé usb.jpg,peripheriques
Appareil photo reflex numérique,Capturez des images de haute qualité avec cet appareil photo reflex numérique. Parfait pour les photographes amateurs ou professionnels qui recherchent des photos nettes et précises.,499.99,images/appareil photo.jpg,peripherique
Tasse en céramique,Commencez votre journée avec une tasse en céramique élégante. Parfait pour les amateurs de café ou de thé disponible en plusieurs couleurs.,9.99,images/tasse.jpg,accessoires
Enceinte Bluetooth,Emmenez votre musique partout avec cette enceinte Bluetooth portable. Son puissant et connectivité sans fil pour une expérience musicale optimale en déplacement.,49.99,images/enceinte.jpg,peripheriques
T shirt manche courte blanc,Portez un t shirt qualitatif qui s'adaptera parfaitement avec toutes vos tenues.,24.99,images/tshirt.jpg,accessoires
Clavier blanc,Clavier élégant et ergonomique conçu pour un confort optimal. Idéal pour le travail ou le gaming avec une frappe silencieuse et réactive.,39.99,images/clavier.jpg,peripheriques
